[
  {
    "model": "admin.logentry",
    "pk": 1,
    "fields": {
      "action_time": "2021-08-19T11:38:48.714Z",
      "user": 1,
      "content_type": 6,
      "object_id": "2",
      "object_repr": "vikasachuk@gmail.com forget-me-not",
      "action_flag": 1,
      "change_message": "[{\"added\": {}}]"
    }
  },
  {
    "model": "admin.logentry",
    "pk": 2,
    "fields": {
      "action_time": "2021-08-19T11:38:54.960Z",
      "user": 1,
      "content_type": 6,
      "object_id": "2",
      "object_repr": "vikasachuk@gmail.com forget-me-not",
      "action_flag": 2,
      "change_message": "[]"
    }
  },
  {
    "model": "admin.logentry",
    "pk": 3,
    "fields": {
      "action_time": "2021-08-19T11:39:30.970Z",
      "user": 1,
      "content_type": 7,
      "object_id": "1",
      "object_repr": "Anton Sachuk",
      "action_flag": 1,
      "change_message": "[{\"added\": {}}]"
    }
  },
  {
    "model": "admin.logentry",
    "pk": 4,
    "fields": {
      "action_time": "2021-08-19T11:39:49.521Z",
      "user": 1,
      "content_type": 7,
      "object_id": "2",
      "object_repr": "Vika Sachuk",
      "action_flag": 1,
      "change_message": "[{\"added\": {}}]"
    }
  },
  {
    "model": "admin.logentry",
    "pk": 5,
    "fields": {
      "action_time": "2021-08-19T11:45:08.579Z",
      "user": 1,
      "content_type": 9,
      "object_id": "1",
      "object_repr": "Account help",
      "action_flag": 1,
      "change_message": "[{\"added\": {}}]"
    }
  },
  {
    "model": "admin.logentry",
    "pk": 6,
    "fields": {
      "action_time": "2021-08-19T11:45:27.236Z",
      "user": 1,
      "content_type": 9,
      "object_id": "2",
      "object_repr": "Help with payments",
      "action_flag": 1,
      "change_message": "[{\"added\": {}}]"
    }
  },
  {
    "model": "admin.logentry",
    "pk": 7,
    "fields": {
      "action_time": "2021-08-19T11:45:33.649Z",
      "user": 1,
      "content_type": 9,
      "object_id": "3",
      "object_repr": "Help with plans",
      "action_flag": 1,
      "change_message": "[{\"added\": {}}]"
    }
  },
  {
    "model": "admin.logentry",
    "pk": 8,
    "fields": {
      "action_time": "2021-08-19T11:45:48.224Z",
      "user": 1,
      "content_type": 9,
      "object_id": "4",
      "object_repr": "Application Help",
      "action_flag": 1,
      "change_message": "[{\"added\": {}}]"
    }
  },
  {
    "model": "admin.logentry",
    "pk": 9,
    "fields": {
      "action_time": "2021-08-19T11:45:54.507Z",
      "user": 1,
      "content_type": 9,
      "object_id": "5",
      "object_repr": "Help with devices",
      "action_flag": 1,
      "change_message": "[{\"added\": {}}]"
    }
  },
  {
    "model": "admin.logentry",
    "pk": 10,
    "fields": {
      "action_time": "2021-08-19T11:46:00.753Z",
      "user": 1,
      "content_type": 9,
      "object_id": "6",
      "object_repr": "Data and privacy",
      "action_flag": 1,
      "change_message": "[{\"added\": {}}]"
    }
  },
  {
    "model": "admin.logentry",
    "pk": 11,
    "fields": {
      "action_time": "2021-08-19T11:46:16.447Z",
      "user": 1,
      "content_type": 8,
      "object_id": "1",
      "object_repr": "Login to your account",
      "action_flag": 1,
      "change_message": "[{\"added\": {}}]"
    }
  },
  {
    "model": "admin.logentry",
    "pk": 12,
    "fields": {
      "action_time": "2021-08-19T11:46:22.930Z",
      "user": 1,
      "content_type": 8,
      "object_id": "2",
      "object_repr": "Help with the profile",
      "action_flag": 1,
      "change_message": "[{\"added\": {}}]"
    }
  },
  {
    "model": "admin.logentry",
    "pk": 13,
    "fields": {
      "action_time": "2021-08-19T11:46:30.237Z",
      "user": 1,
      "content_type": 8,
      "object_id": "3",
      "object_repr": "Help with account settings",
      "action_flag": 1,
      "change_message": "[{\"added\": {}}]"
    }
  },
  {
    "model": "admin.logentry",
    "pk": 14,
    "fields": {
      "action_time": "2021-08-19T11:46:39.125Z",
      "user": 1,
      "content_type": 8,
      "object_id": "4",
      "object_repr": "Security",
      "action_flag": 1,
      "change_message": "[{\"added\": {}}]"
    }
  },
  {
    "model": "admin.logentry",
    "pk": 15,
    "fields": {
      "action_time": "2021-08-19T11:46:49.534Z",
      "user": 1,
      "content_type": 8,
      "object_id": "5",
      "object_repr": "Payment management",
      "action_flag": 1,
      "change_message": "[{\"added\": {}}]"
    }
  },
  {
    "model": "admin.logentry",
    "pk": 16,
    "fields": {
      "action_time": "2021-08-19T11:47:00.561Z",
      "user": 1,
      "content_type": 8,
      "object_id": "6",
      "object_repr": "Payment Methods",
      "action_flag": 1,
      "change_message": "[{\"added\": {}}]"
    }
  },
  {
    "model": "admin.logentry",
    "pk": 17,
    "fields": {
      "action_time": "2021-08-19T11:47:13.124Z",
      "user": 1,
      "content_type": 8,
      "object_id": "7",
      "object_repr": "Help with payment",
      "action_flag": 1,
      "change_message": "[{\"added\": {}}]"
    }
  },
  {
    "model": "admin.logentry",
    "pk": 18,
    "fields": {
      "action_time": "2021-08-19T11:47:23.851Z",
      "user": 1,
      "content_type": 8,
      "object_id": "8",
      "object_repr": "Available plans",
      "action_flag": 1,
      "change_message": "[{\"added\": {}}]"
    }
  },
  {
    "model": "admin.logentry",
    "pk": 19,
    "fields": {
      "action_time": "2021-08-19T11:47:31.766Z",
      "user": 1,
      "content_type": 8,
      "object_id": "9",
      "object_repr": "Help with subscription settings",
      "action_flag": 1,
      "change_message": "[{\"added\": {}}]"
    }
  },
  {
    "model": "admin.logentry",
    "pk": 20,
    "fields": {
      "action_time": "2021-08-19T11:47:41.851Z",
      "user": 1,
      "content_type": 8,
      "object_id": "10",
      "object_repr": "Premium for Family and Spotify Kids",
      "action_flag": 1,
      "change_message": "[{\"added\": {}}]"
    }
  },
  {
    "model": "admin.logentry",
    "pk": 21,
    "fields": {
      "action_time": "2021-08-19T11:47:49.981Z",
      "user": 1,
      "content_type": 8,
      "object_id": "11",
      "object_repr": "Premium for students",
      "action_flag": 1,
      "change_message": "[{\"added\": {}}]"
    }
  },
  {
    "model": "admin.logentry",
    "pk": 22,
    "fields": {
      "action_time": "2021-08-19T11:47:57.346Z",
      "user": 1,
      "content_type": 8,
      "object_id": "12",
      "object_repr": "Premium for two",
      "action_flag": 1,
      "change_message": "[{\"added\": {}}]"
    }
  },
  {
    "model": "admin.logentry",
    "pk": 23,
    "fields": {
      "action_time": "2021-08-19T11:48:09.723Z",
      "user": 1,
      "content_type": 8,
      "object_id": "13",
      "object_repr": "Where to begin",
      "action_flag": 1,
      "change_message": "[{\"added\": {}}]"
    }
  },
  {
    "model": "admin.logentry",
    "pk": 24,
    "fields": {
      "action_time": "2021-08-19T11:48:18.704Z",
      "user": 1,
      "content_type": 8,
      "object_id": "14",
      "object_repr": "Application settings",
      "action_flag": 1,
      "change_message": "[{\"added\": {}}]"
    }
  },
  {
    "model": "admin.logentry",
    "pk": 25,
    "fields": {
      "action_time": "2021-08-19T11:48:26.716Z",
      "user": 1,
      "content_type": 8,
      "object_id": "15",
      "object_repr": "Troubleshooting",
      "action_flag": 1,
      "change_message": "[{\"added\": {}}]"
    }
  },
  {
    "model": "admin.logentry",
    "pk": 26,
    "fields": {
      "action_time": "2021-08-19T11:48:35.182Z",
      "user": 1,
      "content_type": 8,
      "object_id": "16",
      "object_repr": "Playlists",
      "action_flag": 1,
      "change_message": "[{\"added\": {}}]"
    }
  },
  {
    "model": "admin.logentry",
    "pk": 27,
    "fields": {
      "action_time": "2021-08-19T11:48:42.980Z",
      "user": 1,
      "content_type": 8,
      "object_id": "17",
      "object_repr": "Functions",
      "action_flag": 1,
      "change_message": "[{\"added\": {}}]"
    }
  },
  {
    "model": "admin.logentry",
    "pk": 28,
    "fields": {
      "action_time": "2021-08-19T11:49:29.193Z",
      "user": 1,
      "content_type": 8,
      "object_id": "18",
      "object_repr": "Social functions",
      "action_flag": 1,
      "change_message": "[{\"added\": {}}]"
    }
  },
  {
    "model": "admin.logentry",
    "pk": 29,
    "fields": {
      "action_time": "2021-08-19T11:49:37.515Z",
      "user": 1,
      "content_type": 8,
      "object_id": "19",
      "object_repr": "Voice assistants",
      "action_flag": 1,
      "change_message": "[{\"added\": {}}]"
    }
  },
  {
    "model": "admin.logentry",
    "pk": 30,
    "fields": {
      "action_time": "2021-08-19T11:49:44.371Z",
      "user": 1,
      "content_type": 8,
      "object_id": "20",
      "object_repr": "Loudspeakers",
      "action_flag": 1,
      "change_message": "[{\"added\": {}}]"
    }
  },
  {
    "model": "admin.logentry",
    "pk": 31,
    "fields": {
      "action_time": "2021-08-19T11:49:51.611Z",
      "user": 1,
      "content_type": 8,
      "object_id": "21",
      "object_repr": "Smart watch",
      "action_flag": 1,
      "change_message": "[{\"added\": {}}]"
    }
  },
  {
    "model": "admin.logentry",
    "pk": 32,
    "fields": {
      "action_time": "2021-08-19T11:50:01.634Z",
      "user": 1,
      "content_type": 8,
      "object_id": "22",
      "object_repr": "TV sets",
      "action_flag": 1,
      "change_message": "[{\"added\": {}}]"
    }
  },
  {
    "model": "admin.logentry",
    "pk": 33,
    "fields": {
      "action_time": "2021-08-19T11:50:13.195Z",
      "user": 1,
      "content_type": 8,
      "object_id": "23",
      "object_repr": "Game consoles",
      "action_flag": 1,
      "change_message": "[{\"added\": {}}]"
    }
  },
  {
    "model": "admin.logentry",
    "pk": 34,
    "fields": {
      "action_time": "2021-08-19T11:50:20.822Z",
      "user": 1,
      "content_type": 8,
      "object_id": "24",
      "object_repr": "Cars",
      "action_flag": 1,
      "change_message": "[{\"added\": {}}]"
    }
  },
  {
    "model": "admin.logentry",
    "pk": 35,
    "fields": {
      "action_time": "2021-08-19T11:50:34.577Z",
      "user": 1,
      "content_type": 8,
      "object_id": "25",
      "object_repr": "Listening privacy",
      "action_flag": 1,
      "change_message": "[{\"added\": {}}]"
    }
  },
  {
    "model": "admin.logentry",
    "pk": 36,
    "fields": {
      "action_time": "2021-08-19T11:50:40.156Z",
      "user": 1,
      "content_type": 8,
      "object_id": "26",
      "object_repr": "Data and privacy",
      "action_flag": 1,
      "change_message": "[{\"added\": {}}]"
    }
  },
  {
    "model": "admin.logentry",
    "pk": 37,
    "fields": {
      "action_time": "2021-08-19T11:52:18.654Z",
      "user": 1,
      "content_type": 6,
      "object_id": "3",
      "object_repr": "AlexanderSech@test.com test1",
      "action_flag": 1,
      "change_message": "[{\"added\": {}}]"
    }
  },
  {
    "model": "admin.logentry",
    "pk": 38,
    "fields": {
      "action_time": "2021-08-19T11:52:48.845Z",
      "user": 1,
      "content_type": 6,
      "object_id": "4",
      "object_repr": "SlavaMinkevich@test.com test2",
      "action_flag": 1,
      "change_message": "[{\"added\": {}}]"
    }
  },
  {
    "model": "admin.logentry",
    "pk": 39,
    "fields": {
      "action_time": "2021-08-19T11:53:01.000Z",
      "user": 1,
      "content_type": 6,
      "object_id": "4",
      "object_repr": "SlavaMinkevich@test.com monah",
      "action_flag": 2,
      "change_message": "[{\"changed\": {\"fields\": [\"Username\"]}}]"
    }
  },
  {
    "model": "admin.logentry",
    "pk": 40,
    "fields": {
      "action_time": "2021-08-19T11:53:10.683Z",
      "user": 1,
      "content_type": 6,
      "object_id": "3",
      "object_repr": "AlexanderSech@test.com Snake",
      "action_flag": 2,
      "change_message": "[{\"changed\": {\"fields\": [\"Username\"]}}]"
    }
  },
  {
    "model": "admin.logentry",
    "pk": 41,
    "fields": {
      "action_time": "2021-08-19T11:53:19.181Z",
      "user": 1,
      "content_type": 6,
      "object_id": "3",
      "object_repr": "AlexanderSech@test.com snake",
      "action_flag": 2,
      "change_message": "[{\"changed\": {\"fields\": [\"Username\"]}}]"
    }
  },
  {
    "model": "admin.logentry",
    "pk": 42,
    "fields": {
      "action_time": "2021-08-19T11:53:40.405Z",
      "user": 1,
      "content_type": 7,
      "object_id": "3",
      "object_repr": "Alexander Sech",
      "action_flag": 1,
      "change_message": "[{\"added\": {}}]"
    }
  },
  {
    "model": "admin.logentry",
    "pk": 43,
    "fields": {
      "action_time": "2021-08-19T11:54:00.182Z",
      "user": 1,
      "content_type": 7,
      "object_id": "4",
      "object_repr": "Slava Minkevich",
      "action_flag": 1,
      "change_message": "[{\"added\": {}}]"
    }
  },
  {
    "model": "admin.logentry",
    "pk": 44,
    "fields": {
      "action_time": "2021-08-19T11:54:37.677Z",
      "user": 1,
      "content_type": 10,
      "object_id": "1",
      "object_repr": "1 Account help new 2021-08-19 11:54:37.675753+00:00",
      "action_flag": 1,
      "change_message": "[{\"added\": {}}]"
    }
  },
  {
    "model": "admin.logentry",
    "pk": 45,
    "fields": {
      "action_time": "2021-08-19T12:17:48.586Z",
      "user": 1,
      "content_type": 11,
      "object_id": "2",
      "object_repr": "Comment object (2)",
      "action_flag": 3,
      "change_message": ""
    }
  },
  {
    "model": "admin.logentry",
    "pk": 46,
    "fields": {
      "action_time": "2021-08-19T12:17:48.588Z",
      "user": 1,
      "content_type": 11,
      "object_id": "1",
      "object_repr": "Comment object (1)",
      "action_flag": 3,
      "change_message": ""
    }
  },
  {
    "model": "admin.logentry",
    "pk": 47,
    "fields": {
      "action_time": "2021-08-19T12:18:16.018Z",
      "user": 1,
      "content_type": 11,
      "object_id": "3",
      "object_repr": "Comment object (3)",
      "action_flag": 2,
      "change_message": "[]"
    }
  },
  {
    "model": "admin.logentry",
    "pk": 48,
    "fields": {
      "action_time": "2021-08-20T09:08:00.105Z",
      "user": 1,
      "content_type": 9,
      "object_id": "7",
      "object_repr": "Other",
      "action_flag": 1,
      "change_message": "[{\"added\": {}}]"
    }
  },
  {
    "model": "admin.logentry",
    "pk": 49,
    "fields": {
      "action_time": "2021-08-20T09:08:00.281Z",
      "user": 1,
      "content_type": 9,
      "object_id": "8",
      "object_repr": "Other",
      "action_flag": 1,
      "change_message": "[{\"added\": {}}]"
    }
  },
  {
    "model": "admin.logentry",
    "pk": 50,
    "fields": {
      "action_time": "2021-08-20T09:08:31.266Z",
      "user": 1,
      "content_type": 9,
      "object_id": "8",
      "object_repr": "Other",
      "action_flag": 3,
      "change_message": ""
    }
  },
  {
    "model": "admin.logentry",
    "pk": 51,
    "fields": {
      "action_time": "2021-08-20T09:08:40.541Z",
      "user": 1,
      "content_type": 9,
      "object_id": "9",
      "object_repr": "test",
      "action_flag": 1,
      "change_message": "[{\"added\": {}}]"
    }
  },
  {
    "model": "admin.logentry",
    "pk": 52,
    "fields": {
      "action_time": "2021-08-20T09:08:58.307Z",
      "user": 1,
      "content_type": 8,
      "object_id": "27",
      "object_repr": "test",
      "action_flag": 1,
      "change_message": "[{\"added\": {}}]"
    }
  },
  {
    "model": "admin.logentry",
    "pk": 53,
    "fields": {
      "action_time": "2021-08-20T21:31:37.690Z",
      "user": 1,
      "content_type": 6,
      "object_id": "8",
      "object_repr": "test3@test.com test3",
      "action_flag": 2,
      "change_message": "[{\"changed\": {\"fields\": [\"Username\"]}}]"
    }
  },
  {
    "model": "admin.logentry",
    "pk": 54,
    "fields": {
      "action_time": "2021-08-20T21:32:12.602Z",
      "user": 1,
      "content_type": 6,
      "object_id": "9",
      "object_repr": "test4@test.com test4",
      "action_flag": 2,
      "change_message": "[{\"changed\": {\"fields\": [\"Username\"]}}]"
    }
  },
  {
    "model": "admin.logentry",
    "pk": 55,
    "fields": {
      "action_time": "2021-08-20T22:15:09.068Z",
      "user": 1,
      "content_type": 6,
      "object_id": "10",
      "object_repr": "test5@test.com test5",
      "action_flag": 2,
      "change_message": "[{\"changed\": {\"fields\": [\"Username\", \"Email\"]}}]"
    }
  },
  {
    "model": "admin.logentry",
    "pk": 56,
    "fields": {
      "action_time": "2021-08-20T22:15:20.938Z",
      "user": 1,
      "content_type": 6,
      "object_id": "11",
      "object_repr": "test7@test.com test7",
      "action_flag": 2,
      "change_message": "[{\"changed\": {\"fields\": [\"Username\"]}}]"
    }
  },
  {
    "model": "admin.logentry",
    "pk": 57,
    "fields": {
      "action_time": "2021-08-20T22:15:33.813Z",
      "user": 1,
      "content_type": 6,
      "object_id": "12",
      "object_repr": "test8@test.com test8",
      "action_flag": 2,
      "change_message": "[{\"changed\": {\"fields\": [\"Username\"]}}]"
    }
  },
  {
    "model": "admin.logentry",
    "pk": 58,
    "fields": {
      "action_time": "2021-08-20T22:22:08.490Z",
      "user": 1,
      "content_type": 6,
      "object_id": "13",
      "object_repr": "test9@test.com test9",
      "action_flag": 2,
      "change_message": "[{\"changed\": {\"fields\": [\"Username\"]}}]"
    }
  },
  {
    "model": "admin.logentry",
    "pk": 59,
    "fields": {
      "action_time": "2021-08-20T22:26:46.996Z",
      "user": 1,
      "content_type": 6,
      "object_id": "14",
      "object_repr": "test10@test.com tesе10",
      "action_flag": 2,
      "change_message": "[{\"changed\": {\"fields\": [\"Username\"]}}]"
    }
  },
  {
    "model": "admin.logentry",
    "pk": 60,
    "fields": {
      "action_time": "2021-09-03T07:49:17.131Z",
      "user": 1,
      "content_type": 6,
      "object_id": "18",
      "object_repr": "test20@test.com test20",
      "action_flag": 3,
      "change_message": ""
    }
  },
  {
    "model": "admin.logentry",
    "pk": 61,
    "fields": {
      "action_time": "2021-09-03T07:49:17.136Z",
      "user": 1,
      "content_type": 6,
      "object_id": "17",
      "object_repr": "test13@test.com test14",
      "action_flag": 3,
      "change_message": ""
    }
  },
  {
    "model": "admin.logentry",
    "pk": 62,
    "fields": {
      "action_time": "2021-09-03T07:49:17.138Z",
      "user": 1,
      "content_type": 6,
      "object_id": "16",
      "object_repr": "test12@test.com test@",
      "action_flag": 3,
      "change_message": ""
    }
  },
  {
    "model": "admin.logentry",
    "pk": 63,
    "fields": {
      "action_time": "2021-09-03T07:49:17.142Z",
      "user": 1,
      "content_type": 6,
      "object_id": "15",
      "object_repr": "test11@test.com test11@",
      "action_flag": 3,
      "change_message": ""
    }
  },
  {
    "model": "admin.logentry",
    "pk": 64,
    "fields": {
      "action_time": "2021-09-03T07:49:17.144Z",
      "user": 1,
      "content_type": 6,
      "object_id": "14",
      "object_repr": "test10@test.com tesе10",
      "action_flag": 3,
      "change_message": ""
    }
  },
  {
    "model": "admin.logentry",
    "pk": 65,
    "fields": {
      "action_time": "2021-09-03T07:49:17.147Z",
      "user": 1,
      "content_type": 6,
      "object_id": "13",
      "object_repr": "test9@test.com test9",
      "action_flag": 3,
      "change_message": ""
    }
  },
  {
    "model": "admin.logentry",
    "pk": 66,
    "fields": {
      "action_time": "2021-09-03T07:49:17.149Z",
      "user": 1,
      "content_type": 6,
      "object_id": "12",
      "object_repr": "test8@test.com test8",
      "action_flag": 3,
      "change_message": ""
    }
  },
  {
    "model": "admin.logentry",
    "pk": 67,
    "fields": {
      "action_time": "2021-09-03T07:49:17.150Z",
      "user": 1,
      "content_type": 6,
      "object_id": "11",
      "object_repr": "test7@test.com test7",
      "action_flag": 3,
      "change_message": ""
    }
  },
  {
    "model": "admin.logentry",
    "pk": 68,
    "fields": {
      "action_time": "2021-09-03T07:49:17.152Z",
      "user": 1,
      "content_type": 6,
      "object_id": "10",
      "object_repr": "test5@test.com test5",
      "action_flag": 3,
      "change_message": ""
    }
  },
  {
    "model": "admin.logentry",
    "pk": 69,
    "fields": {
      "action_time": "2021-09-03T07:49:17.153Z",
      "user": 1,
      "content_type": 6,
      "object_id": "9",
      "object_repr": "test4@test.com test4",
      "action_flag": 3,
      "change_message": ""
    }
  },
  {
    "model": "admin.logentry",
    "pk": 70,
    "fields": {
      "action_time": "2021-09-03T07:49:17.155Z",
      "user": 1,
      "content_type": 6,
      "object_id": "8",
      "object_repr": "test3@test.com test3",
      "action_flag": 3,
      "change_message": ""
    }
  },
  {
    "model": "admin.logentry",
    "pk": 71,
    "fields": {
      "action_time": "2021-09-03T07:49:23.920Z",
      "user": 1,
      "content_type": 6,
      "object_id": "7",
      "object_repr": "testuser2@admin.com testuser2",
      "action_flag": 3,
      "change_message": ""
    }
  },
  {
    "model": "admin.logentry",
    "pk": 72,
    "fields": {
      "action_time": "2021-09-03T07:56:41.776Z",
      "user": 1,
      "content_type": 6,
      "object_id": "19",
      "object_repr": "testuser@test.com testuser",
      "action_flag": 3,
      "change_message": ""
    }
  },
  {
    "model": "admin.logentry",
    "pk": 73,
    "fields": {
      "action_time": "2021-09-03T08:20:41.793Z",
      "user": 1,
      "content_type": 6,
      "object_id": "22",
      "object_repr": "pauluser123@test.com testuserpaul123",
      "action_flag": 2,
      "change_message": "[{\"changed\": {\"fields\": [\"Is active\"]}}]"
    }
  },
  {
    "model": "admin.logentry",
    "pk": 74,
    "fields": {
      "action_time": "2021-09-03T08:37:54.670Z",
      "user": 1,
      "content_type": 6,
      "object_id": "23",
      "object_repr": "testik@test.com AntoshqaSachuk",
      "action_flag": 3,
      "change_message": ""
    }
  },
  {
    "model": "admin.logentry",
    "pk": 75,
    "fields": {
      "action_time": "2021-09-03T08:37:54.673Z",
      "user": 1,
      "content_type": 6,
      "object_id": "22",
      "object_repr": "pauluser123@test.com testuserpaul123",
      "action_flag": 3,
      "change_message": ""
    }
  },
  {
    "model": "admin.logentry",
    "pk": 76,
    "fields": {
      "action_time": "2021-09-03T08:37:54.675Z",
      "user": 1,
      "content_type": 6,
      "object_id": "21",
      "object_repr": "pauluser@test.com testuserpaul",
      "action_flag": 3,
      "change_message": ""
    }
  },
  {
    "model": "admin.logentry",
    "pk": 77,
    "fields": {
      "action_time": "2021-09-03T08:37:54.677Z",
      "user": 1,
      "content_type": 6,
      "object_id": "20",
      "object_repr": "testuser1@test.com testuser1",
      "action_flag": 3,
      "change_message": ""
    }
  },
  {
    "model": "admin.logentry",
    "pk": 78,
    "fields": {
      "action_time": "2021-09-03T08:43:47.238Z",
      "user": 1,
      "content_type": 6,
      "object_id": "24",
      "object_repr": "testik@test.com AntoshqaSachuk",
      "action_flag": 3,
      "change_message": ""
    }
  },
  {
    "model": "admin.logentry",
    "pk": 79,
    "fields": {
      "action_time": "2021-09-04T12:36:24.483Z",
      "user": 1,
      "content_type": 3,
      "object_id": "1",
      "object_repr": "User",
      "action_flag": 1,
      "change_message": "[{\"added\": {}}]"
    }
  },
  {
    "model": "admin.logentry",
    "pk": 80,
    "fields": {
      "action_time": "2021-09-04T12:38:17.513Z",
      "user": 1,
      "content_type": 3,
      "object_id": "2",
      "object_repr": "Support",
      "action_flag": 1,
      "change_message": "[{\"added\": {}}]"
    }
  },
  {
    "model": "admin.logentry",
    "pk": 81,
    "fields": {
      "action_time": "2021-09-04T12:38:45.326Z",
      "user": 1,
      "content_type": 3,
      "object_id": "2",
      "object_repr": "Support",
      "action_flag": 2,
      "change_message": "[{\"changed\": {\"fields\": [\"Permissions\"]}}]"
    }
  },
  {
    "model": "admin.logentry",
    "pk": 82,
    "fields": {
      "action_time": "2021-09-04T12:40:07.117Z",
      "user": 1,
      "content_type": 3,
      "object_id": "3",
      "object_repr": "Service",
      "action_flag": 1,
      "change_message": "[{\"added\": {}}]"
    }
  },
  {
    "model": "admin.logentry",
    "pk": 83,
    "fields": {
      "action_time": "2021-09-05T12:45:34.008Z",
      "user": 1,
      "content_type": 6,
      "object_id": "26",
      "object_repr": "testuser123@test.com testuser123",
      "action_flag": 2,
      "change_message": "[]"
    }
  },
  {
    "model": "auth.permission",
    "pk": 1,
    "fields": {
      "name": "Can add log entry",
      "content_type": 1,
      "codename": "add_logentry"
    }
  },
  {
    "model": "auth.permission",
    "pk": 2,
    "fields": {
      "name": "Can change log entry",
      "content_type": 1,
      "codename": "change_logentry"
    }
  },
  {
    "model": "auth.permission",
    "pk": 3,
    "fields": {
      "name": "Can delete log entry",
      "content_type": 1,
      "codename": "delete_logentry"
    }
  },
  {
    "model": "auth.permission",
    "pk": 4,
    "fields": {
      "name": "Can view log entry",
      "content_type": 1,
      "codename": "view_logentry"
    }
  },
  {
    "model": "auth.permission",
    "pk": 5,
    "fields": {
      "name": "Can add permission",
      "content_type": 2,
      "codename": "add_permission"
    }
  },
  {
    "model": "auth.permission",
    "pk": 6,
    "fields": {
      "name": "Can change permission",
      "content_type": 2,
      "codename": "change_permission"
    }
  },
  {
    "model": "auth.permission",
    "pk": 7,
    "fields": {
      "name": "Can delete permission",
      "content_type": 2,
      "codename": "delete_permission"
    }
  },
  {
    "model": "auth.permission",
    "pk": 8,
    "fields": {
      "name": "Can view permission",
      "content_type": 2,
      "codename": "view_permission"
    }
  },
  {
    "model": "auth.permission",
    "pk": 9,
    "fields": {
      "name": "Can add group",
      "content_type": 3,
      "codename": "add_group"
    }
  },
  {
    "model": "auth.permission",
    "pk": 10,
    "fields": {
      "name": "Can change group",
      "content_type": 3,
      "codename": "change_group"
    }
  },
  {
    "model": "auth.permission",
    "pk": 11,
    "fields": {
      "name": "Can delete group",
      "content_type": 3,
      "codename": "delete_group"
    }
  },
  {
    "model": "auth.permission",
    "pk": 12,
    "fields": {
      "name": "Can view group",
      "content_type": 3,
      "codename": "view_group"
    }
  },
  {
    "model": "auth.permission",
    "pk": 13,
    "fields": {
      "name": "Can add content type",
      "content_type": 4,
      "codename": "add_contenttype"
    }
  },
  {
    "model": "auth.permission",
    "pk": 14,
    "fields": {
      "name": "Can change content type",
      "content_type": 4,
      "codename": "change_contenttype"
    }
  },
  {
    "model": "auth.permission",
    "pk": 15,
    "fields": {
      "name": "Can delete content type",
      "content_type": 4,
      "codename": "delete_contenttype"
    }
  },
  {
    "model": "auth.permission",
    "pk": 16,
    "fields": {
      "name": "Can view content type",
      "content_type": 4,
      "codename": "view_contenttype"
    }
  },
  {
    "model": "auth.permission",
    "pk": 17,
    "fields": {
      "name": "Can add session",
      "content_type": 5,
      "codename": "add_session"
    }
  },
  {
    "model": "auth.permission",
    "pk": 18,
    "fields": {
      "name": "Can change session",
      "content_type": 5,
      "codename": "change_session"
    }
  },
  {
    "model": "auth.permission",
    "pk": 19,
    "fields": {
      "name": "Can delete session",
      "content_type": 5,
      "codename": "delete_session"
    }
  },
  {
    "model": "auth.permission",
    "pk": 20,
    "fields": {
      "name": "Can view session",
      "content_type": 5,
      "codename": "view_session"
    }
  },
  {
    "model": "auth.permission",
    "pk": 21,
    "fields": {
      "name": "Can add user",
      "content_type": 6,
      "codename": "add_user"
    }
  },
  {
    "model": "auth.permission",
    "pk": 22,
    "fields": {
      "name": "Can change user",
      "content_type": 6,
      "codename": "change_user"
    }
  },
  {
    "model": "auth.permission",
    "pk": 23,
    "fields": {
      "name": "Can delete user",
      "content_type": 6,
      "codename": "delete_user"
    }
  },
  {
    "model": "auth.permission",
    "pk": 24,
    "fields": {
      "name": "Can view user",
      "content_type": 6,
      "codename": "view_user"
    }
  },
  {
    "model": "auth.permission",
    "pk": 25,
    "fields": {
      "name": "Can add profile",
      "content_type": 7,
      "codename": "add_profile"
    }
  },
  {
    "model": "auth.permission",
    "pk": 26,
    "fields": {
      "name": "Can change profile",
      "content_type": 7,
      "codename": "change_profile"
    }
  },
  {
    "model": "auth.permission",
    "pk": 27,
    "fields": {
      "name": "Can delete profile",
      "content_type": 7,
      "codename": "delete_profile"
    }
  },
  {
    "model": "auth.permission",
    "pk": 28,
    "fields": {
      "name": "Can view profile",
      "content_type": 7,
      "codename": "view_profile"
    }
  },
  {
    "model": "auth.permission",
    "pk": 29,
    "fields": {
      "name": "Can add subcategory",
      "content_type": 8,
      "codename": "add_subcategory"
    }
  },
  {
    "model": "auth.permission",
    "pk": 30,
    "fields": {
      "name": "Can change subcategory",
      "content_type": 8,
      "codename": "change_subcategory"
    }
  },
  {
    "model": "auth.permission",
    "pk": 31,
    "fields": {
      "name": "Can delete subcategory",
      "content_type": 8,
      "codename": "delete_subcategory"
    }
  },
  {
    "model": "auth.permission",
    "pk": 32,
    "fields": {
      "name": "Can view subcategory",
      "content_type": 8,
      "codename": "view_subcategory"
    }
  },
  {
    "model": "auth.permission",
    "pk": 33,
    "fields": {
      "name": "Can add ticketcategory",
      "content_type": 9,
      "codename": "add_ticketcategory"
    }
  },
  {
    "model": "auth.permission",
    "pk": 34,
    "fields": {
      "name": "Can change ticketcategory",
      "content_type": 9,
      "codename": "change_ticketcategory"
    }
  },
  {
    "model": "auth.permission",
    "pk": 35,
    "fields": {
      "name": "Can delete ticketcategory",
      "content_type": 9,
      "codename": "delete_ticketcategory"
    }
  },
  {
    "model": "auth.permission",
    "pk": 36,
    "fields": {
      "name": "Can view ticketcategory",
      "content_type": 9,
      "codename": "view_ticketcategory"
    }
  },
  {
    "model": "auth.permission",
    "pk": 37,
    "fields": {
      "name": "Can add ticket",
      "content_type": 10,
      "codename": "add_ticket"
    }
  },
  {
    "model": "auth.permission",
    "pk": 38,
    "fields": {
      "name": "Can change ticket",
      "content_type": 10,
      "codename": "change_ticket"
    }
  },
  {
    "model": "auth.permission",
    "pk": 39,
    "fields": {
      "name": "Can delete ticket",
      "content_type": 10,
      "codename": "delete_ticket"
    }
  },
  {
    "model": "auth.permission",
    "pk": 40,
    "fields": {
      "name": "Can view ticket",
      "content_type": 10,
      "codename": "view_ticket"
    }
  },
  {
    "model": "auth.permission",
    "pk": 41,
    "fields": {
      "name": "Can add comment",
      "content_type": 11,
      "codename": "add_comment"
    }
  },
  {
    "model": "auth.permission",
    "pk": 42,
    "fields": {
      "name": "Can change comment",
      "content_type": 11,
      "codename": "change_comment"
    }
  },
  {
    "model": "auth.permission",
    "pk": 43,
    "fields": {
      "name": "Can delete comment",
      "content_type": 11,
      "codename": "delete_comment"
    }
  },
  {
    "model": "auth.permission",
    "pk": 44,
    "fields": {
      "name": "Can view comment",
      "content_type": 11,
      "codename": "view_comment"
    }
  },
  {
    "model": "auth.group",
    "pk": 1,
    "fields": {
      "name": "User",
      "permissions": [
        41,
        44,
        32,
        37,
        40,
        36
      ]
    }
  },
  {
    "model": "auth.group",
    "pk": 2,
    "fields": {
      "name": "Support",
      "permissions": [
        41,
        44,
        32,
        38,
        40,
        36
      ]
    }
  },
  {
    "model": "auth.group",
    "pk": 3,
    "fields": {
      "name": "Service",
      "permissions": [
        29,
        30,
        31,
        32,
        40,
        33,
        34,
        35,
        36
      ]
    }
  },
  {
    "model": "contenttypes.contenttype",
    "pk": 1,
    "fields": {
      "app_label": "admin",
      "model": "logentry"
    }
  },
  {
    "model": "contenttypes.contenttype",
    "pk": 2,
    "fields": {
      "app_label": "auth",
      "model": "permission"
    }
  },
  {
    "model": "contenttypes.contenttype",
    "pk": 3,
    "fields": {
      "app_label": "auth",
      "model": "group"
    }
  },
  {
    "model": "contenttypes.contenttype",
    "pk": 4,
    "fields": {
      "app_label": "contenttypes",
      "model": "contenttype"
    }
  },
  {
    "model": "contenttypes.contenttype",
    "pk": 5,
    "fields": {
      "app_label": "sessions",
      "model": "session"
    }
  },
  {
    "model": "contenttypes.contenttype",
    "pk": 6,
    "fields": {
      "app_label": "authentication",
      "model": "user"
    }
  },
  {
    "model": "contenttypes.contenttype",
    "pk": 7,
    "fields": {
      "app_label": "authentication",
      "model": "profile"
    }
  },
  {
    "model": "contenttypes.contenttype",
    "pk": 8,
    "fields": {
      "app_label": "taskmanager",
      "model": "subcategory"
    }
  },
  {
    "model": "contenttypes.contenttype",
    "pk": 9,
    "fields": {
      "app_label": "taskmanager",
      "model": "ticketcategory"
    }
  },
  {
    "model": "contenttypes.contenttype",
    "pk": 10,
    "fields": {
      "app_label": "taskmanager",
      "model": "ticket"
    }
  },
  {
    "model": "contenttypes.contenttype",
    "pk": 11,
    "fields": {
      "app_label": "taskmanager",
      "model": "comment"
    }
  },
  {
    "model": "sessions.session",
    "pk": "8pq53ndvwy4jp72bnxe3btuiaifvamnl",
    "fields": {
      "session_data": ".eJxVjMsOwiAQRf-FtSGAPIpL9_0GMswMUjU0Ke3K-O_apAvd3nPOfYkE21rT1nlJE4mL0OL0u2XAB7cd0B3abZY4t3WZstwVedAux5n4eT3cv4MKvX7rHIgNI5riWamsizc6D0EVF_BckAgs-BKHCOCCj6C9ZVKcqTilLKJ4fwASUzkZ:1mMrYJ:aXJdlYrtyu54_81Rn2EWs57da_d4zubrpcdjWGM2O2E",
      "expire_date": "2021-09-19T12:47:15.779Z"
    }
  },
  {
    "model": "authentication.user",
    "pk": 1,
    "fields": {
      "password": "pbkdf2_sha256$260000$7TLn0rjXtgzeh6YakyIvoi$UQHHJz2xqBrosoRUOjeyZk9ZFbSBKSgyCPn652w9Kqk=",
      "last_login": "2021-09-05T12:47:15.774Z",
      "is_superuser": true,
      "username": "raziel",
      "email": "raziel@admin.com",
      "is_staff": true,
      "is_active": true,
      "created_at": "2021-08-19T11:37:58.073Z",
      "groups": [],
      "user_permissions": []
    }
  },
  {
    "model": "authentication.user",
    "pk": 2,
    "fields": {
      "password": "superuser1234",
      "last_login": null,
      "is_superuser": false,
      "username": "forget-me-not",
      "email": "vikasachuk@gmail.com",
      "is_staff": false,
      "is_active": true,
      "created_at": "2021-08-19T11:38:48.704Z",
      "groups": [],
      "user_permissions": []
    }
  },
  {
    "model": "authentication.user",
    "pk": 3,
    "fields": {
      "password": "superuser1234",
      "last_login": null,
      "is_superuser": false,
      "username": "snake",
      "email": "AlexanderSech@test.com",
      "is_staff": false,
      "is_active": true,
      "created_at": "2021-08-19T11:52:18.645Z",
      "groups": [],
      "user_permissions": []
    }
  },
  {
    "model": "authentication.user",
    "pk": 4,
    "fields": {
      "password": "superuser1234",
      "last_login": null,
      "is_superuser": false,
      "username": "monah",
      "email": "SlavaMinkevich@test.com",
      "is_staff": false,
      "is_active": true,
      "created_at": "2021-08-19T11:52:48.834Z",
      "groups": [],
      "user_permissions": []
    }
  },
  {
    "model": "authentication.user",
    "pk": 5,
    "fields": {
      "password": "superuser1234",
      "last_login": null,
      "is_superuser": false,
      "username": "username1",
      "email": "testuser@admin.com",
      "is_staff": false,
      "is_active": true,
      "created_at": "2021-08-20T14:55:43.965Z",
      "groups": [],
      "user_permissions": []
    }
  },
  {
    "model": "authentication.user",
    "pk": 6,
    "fields": {
      "password": "pbkdf2_sha256$260000$fprwIwdZkBlSXmNWTxGtJw$bvX5y0ApgkX+3xWA8MSUqLhElf8by8SDgVvAwV9uYSM=",
      "last_login": null,
      "is_superuser": true,
      "username": "admin",
      "email": "superadmin@admin.com",
      "is_staff": true,
      "is_active": true,
      "created_at": "2021-08-20T15:02:40.170Z",
      "groups": [],
      "user_permissions": []
    }
  },
  {
    "model": "authentication.user",
    "pk": 25,
    "fields": {
      "password": "pbkdf2_sha256$260000$31fKxDNMgHxxd5LoYrP74H$/qSRzgbx7NcZJsLhQwYNn682E1G9GQJdKCYoFnhe/GU=",
      "last_login": "2021-09-05T12:46:59.171Z",
      "is_superuser": false,
      "username": "AntoshqaSachuk",
      "email": "testik@test.com",
      "is_staff": false,
      "is_active": true,
      "created_at": "2021-09-03T08:44:11.910Z",
      "groups": [],
      "user_permissions": []
    }
  },
  {
    "model": "authentication.user",
    "pk": 26,
    "fields": {
      "password": "superuser1234",
      "last_login": null,
      "is_superuser": false,
      "username": "testuser123",
      "email": "testuser123@test.com",
      "is_staff": false,
      "is_active": true,
      "created_at": "2021-09-05T12:41:46.763Z",
      "groups": [],
      "user_permissions": []
    }
  },
  {
    "model": "authentication.profile",
    "pk": 1,
    "fields": {
      "first_name": "Anton",
      "last_name": "Sachuk",
      "gender": "m",
      "age": 28,
      "city": "Minsk",
      "user": 1
    }
  },
  {
    "model": "authentication.profile",
    "pk": 2,
    "fields": {
      "first_name": "Vika",
      "last_name": "Sachuk",
      "gender": "f",
      "age": 33,
      "city": "Smilovichi",
      "user": 2
    }
  },
  {
    "model": "authentication.profile",
    "pk": 3,
    "fields": {
      "first_name": "Alexander",
      "last_name": "Sech",
      "gender": "m",
      "age": 27,
      "city": "Minsk",
      "user": 3
    }
  },
  {
    "model": "authentication.profile",
    "pk": 4,
    "fields": {
      "first_name": "Slava",
      "last_name": "Minkevich",
      "gender": "m",
      "age": 31,
      "city": "Minsk",
      "user": 4
    }
  },
  {
    "model": "taskmanager.ticketcategory",
    "pk": 1,
    "fields": {
      "category": "Account help"
    }
  },
  {
    "model": "taskmanager.ticketcategory",
    "pk": 2,
    "fields": {
      "category": "Help with payments"
    }
  },
  {
    "model": "taskmanager.ticketcategory",
    "pk": 3,
    "fields": {
      "category": "Help with plans"
    }
  },
  {
    "model": "taskmanager.ticketcategory",
    "pk": 4,
    "fields": {
      "category": "Application Help"
    }
  },
  {
    "model": "taskmanager.ticketcategory",
    "pk": 5,
    "fields": {
      "category": "Help with devices"
    }
  },
  {
    "model": "taskmanager.ticketcategory",
    "pk": 6,
    "fields": {
      "category": "Data and privacy"
    }
  },
  {
    "model": "taskmanager.ticketcategory",
    "pk": 7,
    "fields": {
      "category": "Other"
    }
  },
  {
    "model": "taskmanager.ticketcategory",
    "pk": 9,
    "fields": {
      "category": "test"
    }
  },
  {
    "model": "taskmanager.subcategory",
    "pk": 1,
    "fields": {
      "subcategory": "Login to your account",
      "category": 1
    }
  },
  {
    "model": "taskmanager.subcategory",
    "pk": 2,
    "fields": {
      "subcategory": "Help with the profile",
      "category": 1
    }
  },
  {
    "model": "taskmanager.subcategory",
    "pk": 3,
    "fields": {
      "subcategory": "Help with account settings",
      "category": 1
    }
  },
  {
    "model": "taskmanager.subcategory",
    "pk": 4,
    "fields": {
      "subcategory": "Security",
      "category": 1
    }
  },
  {
    "model": "taskmanager.subcategory",
    "pk": 5,
    "fields": {
      "subcategory": "Payment management",
      "category": 2
    }
  },
  {
    "model": "taskmanager.subcategory",
    "pk": 6,
    "fields": {
      "subcategory": "Payment Methods",
      "category": 2
    }
  },
  {
    "model": "taskmanager.subcategory",
    "pk": 7,
    "fields": {
      "subcategory": "Help with payment",
      "category": 2
    }
  },
  {
    "model": "taskmanager.subcategory",
    "pk": 8,
    "fields": {
      "subcategory": "Available plans",
      "category": 3
    }
  },
  {
    "model": "taskmanager.subcategory",
    "pk": 9,
    "fields": {
      "subcategory": "Help with subscription settings",
      "category": 3
    }
  },
  {
    "model": "taskmanager.subcategory",
    "pk": 10,
    "fields": {
      "subcategory": "Premium for Family and Spotify Kids",
      "category": 3
    }
  },
  {
    "model": "taskmanager.subcategory",
    "pk": 11,
    "fields": {
      "subcategory": "Premium for students",
      "category": 3
    }
  },
  {
    "model": "taskmanager.subcategory",
    "pk": 12,
    "fields": {
      "subcategory": "Premium for two",
      "category": 3
    }
  },
  {
    "model": "taskmanager.subcategory",
    "pk": 13,
    "fields": {
      "subcategory": "Where to begin",
      "category": 4
    }
  },
  {
    "model": "taskmanager.subcategory",
    "pk": 14,
    "fields": {
      "subcategory": "Application settings",
      "category": 4
    }
  },
  {
    "model": "taskmanager.subcategory",
    "pk": 15,
    "fields": {
      "subcategory": "Troubleshooting",
      "category": 4
    }
  },
  {
    "model": "taskmanager.subcategory",
    "pk": 16,
    "fields": {
      "subcategory": "Playlists",
      "category": 4
    }
  },
  {
    "model": "taskmanager.subcategory",
    "pk": 17,
    "fields": {
      "subcategory": "Functions",
      "category": 4
    }
  },
  {
    "model": "taskmanager.subcategory",
    "pk": 18,
    "fields": {
      "subcategory": "Social functions",
      "category": 4
    }
  },
  {
    "model": "taskmanager.subcategory",
    "pk": 19,
    "fields": {
      "subcategory": "Voice assistants",
      "category": 4
    }
  },
  {
    "model": "taskmanager.subcategory",
    "pk": 20,
    "fields": {
      "subcategory": "Loudspeakers",
      "category": 5
    }
  },
  {
    "model": "taskmanager.subcategory",
    "pk": 21,
    "fields": {
      "subcategory": "Smart watch",
      "category": 5
    }
  },
  {
    "model": "taskmanager.subcategory",
    "pk": 22,
    "fields": {
      "subcategory": "TV sets",
      "category": 5
    }
  },
  {
    "model": "taskmanager.subcategory",
    "pk": 23,
    "fields": {
      "subcategory": "Game consoles",
      "category": 5
    }
  },
  {
    "model": "taskmanager.subcategory",
    "pk": 24,
    "fields": {
      "subcategory": "Cars",
      "category": 5
    }
  },
  {
    "model": "taskmanager.subcategory",
    "pk": 25,
    "fields": {
      "subcategory": "Listening privacy",
      "category": 6
    }
  },
  {
    "model": "taskmanager.subcategory",
    "pk": 26,
    "fields": {
      "subcategory": "Data and privacy",
      "category": 6
    }
  },
  {
    "model": "taskmanager.subcategory",
    "pk": 27,
    "fields": {
      "subcategory": "test",
      "category": 9
    }
  },
  {
    "model": "taskmanager.ticket",
    "pk": 1,
    "fields": {
      "author": 4,
      "responsible": 2,
      "category": 1,
      "subcategory": 1,
      "ticket_status": "new",
      "text": "First test ticket from admin panel",
      "date_created": "2021-08-19T11:54:37.675Z",
      "date_updated": "2021-08-19T11:54:37.675Z"
    }
  },
  {
    "model": "taskmanager.ticket",
    "pk": 2,
    "fields": {
      "author": 3,
      "responsible": 1,
      "category": 2,
      "subcategory": 7,
      "ticket_status": "new",
      "text": "Second ticket from DRF panel",
      "date_created": "2021-08-19T11:58:18.023Z",
      "date_updated": "2021-08-19T11:58:18.023Z"
    }
  },
  {
    "model": "taskmanager.ticket",
    "pk": 3,
    "fields": {
      "author": 4,
      "responsible": 1,
      "category": 3,
      "subcategory": 9,
      "ticket_status": "new",
      "text": "Ticket #2 from DRF panel",
      "date_created": "2021-08-19T12:26:31.846Z",
      "date_updated": "2021-08-19T12:26:31.846Z"
    }
  },
  {
    "model": "taskmanager.comment",
    "pk": 3,
    "fields": {
      "event": "new_comment",
      "ticket": 1,
      "text_comment": "First comment for ticket #1",
      "date_created": "2021-08-19T12:17:30.840Z",
      "user": 2
    }
  }
]